review_id,product_id,product_name,category,review_date,rating,review_title,review_text,verified_purchase,country
cm-0003,coffeemaker-01,Brightwell 12-Cup Programmable Coffee Maker,Kitchen Appliances,2025-01-05,4,"Easy setup, great taste","Speed is excellent, noticeably faster than the machine it replaced.",false,AU
tb-0001,toothbrush-01,Marlow Sonic Electric Toothbrush,Personal Care,2025-01-05,3,Mixed feelings overall,"The buzz is noticeable but not loud enough to bother me much. It's waterproof, but I still avoid soaking it for long periods.",true,UK
cm-0002,coffeemaker-01,Brightwell 12-Cup Programmable Coffee Maker,Kitchen Appliances,2025-01-09,4,"Rich, consistent brew","I set up the clock and delay timer without checking the manual. It brews a strong, rich pot without turning bitter.",false,US
hp-0002,headphones-01,Halcyon Q30 Noise-Canceling Headphones,Electronics,2025-01-11,4,Perfect for long flights,The ambient sound mode is a nice touch for staying aware when needed. The sound quality is rich and well balanced across every genre I listen to.,true,US
hp-0003,headphones-01,Halcyon Q30 Noise-Canceling Headphones,Electronics,2025-01-11,4,Crystal clear audio,I barely hear my coworkers typing once ANC is switched on. Audio staging feels wide and immersive during movies.,true,UK
hp-0004,headphones-01,Halcyon Q30 Noise-Canceling Headphones,Electronics,2025-01-12,4,Excellent sound quality,"The mids are warm and detailed, especially on vocal-heavy songs. They fit my head shape well without any pinching around the ears. Despite the plastic frame, the overall build feels surprisingly durable.",true,CA
sw-0003,smartwatch-01,Pulse Active 2 Fitness Smartwatch,Wearables,2025-01-12,2,Strap irritates my wrist,Reconnecting to my phone after a run is hit or miss at best. The display washes out completely in direct sunlight. Notifications pile up and never clear even after I dismiss them.,true,US
tb-0002,toothbrush-01,Marlow Sonic Electric Toothbrush,Personal Care,2025-01-13,4,Excellent cleaning power,My teeth look visibly whiter after a month of daily brushing.,true,US
dc-0003,deskchair-01,Meridian Ergonomic Desk Chair,Home Office,2025-01-15,1,Disappointing quality overall,"Assembly took nearly two hours because the instructions were poorly translated. The cushion flattened out within weeks, so sitting for hours is painful now.",true,US
sw-0001,smartwatch-01,Pulse Active 2 Fitness Smartwatch,Wearables,2025-01-17,2,Battery dies too fast,This app glitches so often that I've stopped trusting the numbers it shows.,true,US
sw-0002,smartwatch-01,Pulse Active 2 Fitness Smartwatch,Wearables,2025-01-20,1,Weak notification buzz,The app freezes right when I'm trying to start a workout. The default band is too stiff and never sits comfortably on my wrist.,true,NZ
dc-0002,deskchair-01,Meridian Ergonomic Desk Chair,Home Office,2025-01-21,2,Missing parts on arrival,I couldn't put together this chair without tools that weren't included in the box. This chair is overpriced for the quality you actually get.,true,UK
cm-0001,coffeemaker-01,Brightwell 12-Cup Programmable Coffee Maker,Kitchen Appliances,2025-01-27,5,Great coffee maker overall,It's held up well and still works like new after six months. I can finally get cafe-quality flavor without leaving the house.,true,AU
dc-0001,deskchair-01,Meridian Ergonomic Desk Chair,Home Office,2025-01-27,3,"Does the job, nothing more","Stitching looks tidy overall, with just one slightly uneven seam near the base.",true,CA
hp-0001,headphones-01,Halcyon Q30 Noise-Canceling Headphones,Electronics,2025-01-29,5,Solid all-around headphones,Audio clarity is excellent even at lower volumes. I can wear these for hours and still forget they're on.,true,US
sw-0004,smartwatch-01,Pulse Active 2 Fitness Smartwatch,Wearables,2025-01-30,2,Uncomfortable band,I've had the app crash mid sync and lose my whole day's data. This screen becomes unreadable the moment sunlight hits it directly. The buzz for messages is so weak I miss it half the time.,true,US
hp-0007,headphones-01,Halcyon Q30 Noise-Canceling Headphones,Electronics,2025-02-04,4,Worth every penny,These do an excellent job canceling out consistent background noise.,true,US
sw-0006,smartwatch-01,Pulse Active 2 Fitness Smartwatch,Wearables,2025-02-09,1,Constant syncing issues,"The sync feature is unreliable, half my workouts never make it to the app.",true,US
cm-0006,coffeemaker-01,Brightwell 12-Cup Programmable Coffee Maker,Kitchen Appliances,2025-02-11,1,Hard to clean,"I never managed to get the timer to hold its settings. This isn't reliable at all, it stopped heating after a few weeks. I keep getting a bitter aftertaste with every single cup.",true,US
hp-0008,headphones-01,Halcyon Q30 Noise-Canceling Headphones,Electronics,2025-02-11,2,Cheap feeling build,I lose the signal every time I turn my head away from my phone.,true,US
sw-0005,smartwatch-01,Pulse Active 2 Fitness Smartwatch,Wearables,2025-02-11,4,Love this fitness watch,App performance improved a lot after they patched the glitches from launch. My heart rate readings match my chest strap almost exactly.,true,US
dc-0006,deskchair-01,Meridian Ergonomic Desk Chair,Home Office,2025-02-12,2,Overpriced for what it is,I regret buying this chair because comfort during long sitting hours just isn't there.,true,CA
tb-0003,toothbrush-01,Marlow Sonic Electric Toothbrush,Personal Care,2025-02-15,5,Dentist approved results,I'm impressed by how durable the housing has proven to be.,true,UK
dc-0005,deskchair-01,Meridian Ergonomic Desk Chair,Home Office,2025-02-17,4,Best chair I've owned,"Durability has impressed me; not a single squeak after months of use. The cushion is soft but supportive, making long sitting sessions easy. I was skeptical at first, but this chair is genuinely worth the money.",false,NZ
cm-0004,coffeemaker-01,Brightwell 12-Cup Programmable Coffee Maker,Kitchen Appliances,2025-02-19,2,Confusing setup process,This brews the weakest coffee I've had from any machine. The filter basket is awkward to remove for cleaning.,true,AU
cm-0005,coffeemaker-01,Brightwell 12-Cup Programmable Coffee Maker,Kitchen Appliances,2025-02-19,4,Sturdy and reliable machine,This machine brews a full pot in under five minutes.,true,US
sw-0007,smartwatch-01,Pulse Active 2 Fitness Smartwatch,Wearables,2025-02-19,1,App keeps crashing,Every update seems to introduce a new bug instead of fixing the old ones. I've tried repairing it three times and it still won't sync my sleep data.,true,US
hd-0003,hairdryer-01,Cirrus 2000 Ionic Hair Dryer,Personal Care,2025-02-20,2,Motor feels underpowered,The airflow seems weaker than my last dryer.,true,AU
hp-0006,headphones-01,Halcyon Q30 Noise-Canceling Headphones,Electronics,2025-02-22,5,Excellent value headphones,I've had zero complaints from anyone about call clarity. I'm impressed by how crisp the treble sounds on acoustic tracks.,true,US
dc-0004,deskchair-01,Meridian Ergonomic Desk Chair,Home Office,2025-02-25,2,Not worth the money,I needed a second person to help put together the backrest properly. It doesn't feel sturdy at all; the frame flexes when I sit down.,true,AU
tb-0004,toothbrush-01,Marlow Sonic Electric Toothbrush,Personal Care,2025-02-25,3,Nothing special really,"The button works fine but the mode names aren't clearly labeled. The handle feels okay, not premium but not cheap either. Charging is straightforward but the battery drains faster than I expected.",true,US
hd-0002,hairdryer-01,Cirrus 2000 Ionic Hair Dryer,Personal Care,2025-02-26,3,Time will tell on durability,The attachments are functional but feel a bit generic. The motor gets the job done without feeling especially powerful.,true,US
hp-0005,headphones-01,Halcyon Q30 Noise-Canceling Headphones,Electronics,2025-02-26,5,Comfortable fit and finish,Noise-canceling performance on flights has been impressive. Voice calls sound natural without any distortion on the mic.,true,US
hd-0001,hairdryer-01,Cirrus 2000 Ionic Hair Dryer,Personal Care,2025-02-27,2,Uncomfortable handle grip,I still end up with frizz no matter how I use it.,true,NZ
sw-0008,smartwatch-01,Pulse Active 2 Fitness Smartwatch,Wearables,2025-02-27,2,Disappointing step tracking,I had to replace the strap because the stock one was so uncomfortable.,true,CA
cm-0008,coffeemaker-01,Brightwell 12-Cup Programmable Coffee Maker,Kitchen Appliances,2025-03-02,3,Decent but unremarkable,"Durability seems okay so far, no complaints after two months of use.",true,UK
hp-0010,headphones-01,Halcyon Q30 Noise-Canceling Headphones,Electronics,2025-03-05,5,Battery lasts forever,These are the most comfortable headphones I've worn for long sessions.,true,US
cm-0007,coffeemaker-01,Brightwell 12-Cup Programmable Coffee Maker,Kitchen Appliances,2025-03-06,3,Average setup experience,"This machine brews at a genuinely hot temperature, not lukewarm at all. Setting the clock requires holding three buttons at once, which is annoying.",true,US
hd-0006,hairdryer-01,Cirrus 2000 Ionic Hair Dryer,Personal Care,2025-03-08,3,Basic but functional,"The heat setting works fine but I wish the airflow were stronger. Noise is moderate, similar to most dryers I've used.",true,IE
tb-0005,toothbrush-01,Marlow Sonic Electric Toothbrush,Personal Care,2025-03-09,5,Great daily cleaning,I love that the battery doesn't drain quickly like other brushes. The materials feel durable and far from cheap. The low noise level makes brushing feel more relaxing.,true,US
sw-0011,smartwatch-01,Pulse Active 2 Fitness Smartwatch,Wearables,2025-03-10,2,Display washes out in sunlight,"The latest update made the app worse, it now crashes on launch. The battery died in the middle of a long run and I lost my data.",true,NZ
sw-0010,smartwatch-01,Pulse Active 2 Fitness Smartwatch,Wearables,2025-03-14,1,Notifications are unreliable,The display looks washed out and dull compared to the marketing photos. I'm disappointed that the battery can't even make it through one workout and a night of sleep tracking.,true,US
hp-0011,headphones-01,Halcyon Q30 Noise-Canceling Headphones,Electronics,2025-03-15,5,Great for remote work,"Bass is punchy but never muddy, which surprised me.",true,AU
cm-0009,coffeemaker-01,Brightwell 12-Cup Programmable Coffee Maker,Kitchen Appliances,2025-03-16,2,Dripping mess every morning,The taste is so bitter I can't drink it black anymore. Setup was frustrating because the instructions skip several steps. The speed is disappointing given how simple this machine is.,true,AU
dc-0009,deskchair-01,Meridian Ergonomic Desk Chair,Home Office,2025-03-16,2,Adjustments don't hold,The included instructions skipped a critical step for attaching the wheels. I don't find this chair comfortable at all during long work sessions.,true,UK
hp-0009,headphones-01,Halcyon Q30 Noise-Canceling Headphones,Electronics,2025-03-18,5,Impressive bass response,It blocks out low rumbling sounds like engines and fans really well. Every instrument in a mix comes through with real clarity. Comfort has genuinely surprised me given how much padding they have.,true,US
hd-0004,hairdryer-01,Cirrus 2000 Ionic Hair Dryer,Personal Care,2025-03-22,2,Mixed feelings so far,The diffuser attachment works great for defining my curls. The noise level is almost unbearable on high settings.,true,US
hd-0005,hairdryer-01,Cirrus 2000 Ionic Hair Dryer,Personal Care,2025-03-22,2,Loud and disappointing,"Nothing about the build feels sturdy or well made. Drying my hair is a slow, frustrating process with this thing. The motor just stopped one day with no warning.",true,CA
tb-0006,toothbrush-01,Marlow Sonic Electric Toothbrush,Personal Care,2025-03-23,4,Fair not great,My dentist actually complimented my cleaning at my last checkup. It's not simple at all once you try to change modes mid brush.,true,US
sw-0009,smartwatch-01,Pulse Active 2 Fitness Smartwatch,Wearables,2025-03-25,5,"Bright, readable display",I can finally trust the app not to glitch out during a workout. GPS locks on fast and the distance numbers look accurate on runs. I appreciate getting app alerts on my wrist during meetings without noise.,true,US
dc-0007,deskchair-01,Meridian Ergonomic Desk Chair,Home Office,2025-03-26,4,Comfortable all day long,I was surprised how few parts there were to put together. I love how plush the cushion feels under me during long hours of work.,true,US
dc-0008,deskchair-01,Meridian Ergonomic Desk Chair,Home Office,2025-03-26,4,Excellent lumbar support,I love how easily I can adjust the armrests to match my desk height. My afternoons of sitting through meetings feel much more comfortable now.,true,UK
hp-0012,headphones-01,Halcyon Q30 Noise-Canceling Headphones,Electronics,2025-03-28,2,Tinny and thin audio,It fails to block out my coworkers' conversations at all. The last charge only gave me about two hours before dying.,true,US
dc-0010,deskchair-01,Meridian Ergonomic Desk Chair,Home Office,2025-04-03,5,Highly adjustable and comfortable,I can sit in this chair for hours and still feel comfortable. Tilting the seat back and forth feels smooth and well controlled.,false,US
hp-0013,headphones-01,Halcyon Q30 Noise-Canceling Headphones,Electronics,2025-04-04,5,Fantastic for commuting,The padded headband makes a noticeable difference in comfort.,true,AU
hp-0015,headphones-01,Halcyon Q30 Noise-Canceling Headphones,Electronics,2025-04-10,4,Superb noise blocking,"Clamping force feels just right, snug but never tight.",true,US
hp-0016,headphones-01,Halcyon Q30 Noise-Canceling Headphones,Electronics,2025-04-11,1,Bluetooth keeps disconnecting,Bass is overwhelming and drowns out everything else. The battery drains fast even when the headphones are just sitting idle.,true,AU
cm-0012,coffeemaker-01,Brightwell 12-Cup Programmable Coffee Maker,Kitchen Appliances,2025-04-12,5,Quick morning brews,Descaling reminders make maintenance easy to stay on top of. Setup was painless and the included instructions covered everything I needed.,true,AU
tb-0008,toothbrush-01,Marlow Sonic Electric Toothbrush,Personal Care,2025-04-13,5,Simple and reliable,This brush feels durable and has exceeded my expectations. I traveled for two weeks without needing to bring the charger. I can feel the difference in how smooth my teeth are now.,true,US
cm-0011,coffeemaker-01,Brightwell 12-Cup Programmable Coffee Maker,Kitchen Appliances,2025-04-14,5,Excellent value coffee maker,I love that the heat holds steady until I finish the pot. Programming this machine is easier than my old coffee maker.,true,IE
dc-0011,deskchair-01,Meridian Ergonomic Desk Chair,Home Office,2025-04-15,1,Assembly was a nightmare,"Some of the parts were bent out of shape, which made assembly frustrating. After just two hours of sitting, the seat starts to feel hard and uncomfortable.",true,US
cm-0010,coffeemaker-01,Brightwell 12-Cup Programmable Coffee Maker,Kitchen Appliances,2025-04-16,5,Fast and reliable,"The coffee comes out rich and full-bodied every single morning. The coffee stays hot for over an hour on the warming plate. After eight months of daily use, it still works perfectly.",false,US
sw-0014,smartwatch-01,Pulse Active 2 Fitness Smartwatch,Wearables,2025-04-16,2,Sleep tracking is inaccurate,Bugs in this app have made basic features completely unreliable. I can't get a comfortable fit no matter which hole I use.,true,US
sw-0012,smartwatch-01,Pulse Active 2 Fitness Smartwatch,Wearables,2025-04-17,4,Heart rate tracking impressed me,The band feels comfortable enough that I forget I'm wearing it. The brightness auto adjusts nicely between indoor and outdoor light.,true,US
tb-0007,toothbrush-01,Marlow Sonic Electric Toothbrush,Personal Care,2025-04-18,5,Easy to use,Replacing the head is quick and doesn't require any tools. I appreciate how quiet it stays even on the higher settings.,true,CA
hd-0007,hairdryer-01,Cirrus 2000 Ionic Hair Dryer,Personal Care,2025-04-23,3,Standard drying experience,"The power settings are basic but functional. It's not exactly quiet, but not unbearably loud either. Drying time seems typical for a dryer in this price range.",true,CA
hp-0014,headphones-01,Halcyon Q30 Noise-Canceling Headphones,Electronics,2025-04-27,5,Comfortable for all-day wear,Call audio stays clear whether I'm at home or in a busy space.,true,AU
sw-0013,smartwatch-01,Pulse Active 2 Fitness Smartwatch,Wearables,2025-04-27,2,Connection keeps dropping,The app crashes almost every time I try to open my workout history. I get duplicate alerts for the same text over and over. Getting it to pair with a new phone was far more frustrating than it should be.,false,UK
dc-0012,deskchair-01,Meridian Ergonomic Desk Chair,Home Office,2025-04-28,1,Broke within months,The mesh material feels cheap and thin compared to the photos online.,false,UK
hd-0008,hairdryer-01,Cirrus 2000 Ionic Hair Dryer,Personal Care,2025-04-30,5,Easy one-handed use,"The motor hums along smoothly even at the highest power setting. I'm impressed by how durable this dryer has proven to be. The heat is even across the whole head, no hot spots.",true,US
dc-0013,deskchair-01,Meridian Ergonomic Desk Chair,Home Office,2025-05-02,5,Sturdy and well built,The sturdy construction gives me confidence it will last a long time.,false,UK
dc-0015,deskchair-01,Meridian Ergonomic Desk Chair,Home Office,2025-05-03,2,Cheap materials throughout,"After four months, one of the armrests simply broke off. The assembly instructions were confusing and left out several steps. This chair is not comfortable for anyone who sits for long hours at a desk.",false,AU
tb-0010,toothbrush-01,Marlow Sonic Electric Toothbrush,Personal Care,2025-05-03,1,Overpriced replacement heads,The button placement makes it easy to accidentally switch modes.,true,AU
sw-0017,smartwatch-01,Pulse Active 2 Fitness Smartwatch,Wearables,2025-05-05,1,Frustrating pairing process,I have to charge this thing every single night without fail.,true,IE
dc-0014,deskchair-01,Meridian Ergonomic Desk Chair,Home Office,2025-05-06,1,Poor lumbar support,The mesh backing sagged and lost its shape within weeks.,true,US
hp-0020,headphones-01,Halcyon Q30 Noise-Canceling Headphones,Electronics,2025-05-06,2,Disappointing sound quality,The overall sound is tinny and thin on most tracks. The headband digs into my scalp during longer sessions. A hinge snapped after only two months of careful use.,false,US
hp-0018,headphones-01,Halcyon Q30 Noise-Canceling Headphones,Electronics,2025-05-08,5,Reliable bluetooth connection,These block out traffic noise better than any headphones I've owned. The soft ear cushions make these comfortable enough for all-day wear.,true,UK
hp-0019,headphones-01,Halcyon Q30 Noise-Canceling Headphones,Electronics,2025-05-08,5,Clear call quality,Podcasts sound noticeably clearer than they did on my old earbuds.,true,UK
cm-0013,coffeemaker-01,Brightwell 12-Cup Programmable Coffee Maker,Kitchen Appliances,2025-05-21,4,Simple to program,Every carafe of coffee tastes fresh and never watered down.,true,US
cm-0014,coffeemaker-01,Brightwell 12-Cup Programmable Coffee Maker,Kitchen Appliances,2025-05-21,5,Perfectly hot every time,I love how fast this brews compared to my old maker. Programming the timer for next morning was simple and intuitive. I love the deep flavor this machine pulls from dark roast beans.,false,NZ
hp-0017,headphones-01,Halcyon Q30 Noise-Canceling Headphones,Electronics,2025-05-21,4,Great noise cancellation,Playback time far exceeds what the box advertised. ANC makes my daily train commute noticeably quieter.,true,CA
sw-0015,smartwatch-01,Pulse Active 2 Fitness Smartwatch,Wearables,2025-05-22,4,Sleep tracking is spot on,"The developers clearly fixed the bugs, the app runs smoothly every day now. Syncing sleep and step data happens automatically in the background now.",false,AU
cm-0015,coffeemaker-01,Brightwell 12-Cup Programmable Coffee Maker,Kitchen Appliances,2025-05-24,3,Works as expected,Even cheap grounds taste surprisingly good brewed in this machine. The setup manual is poorly translated and hard to follow.,true,AU
sw-0016,smartwatch-01,Pulse Active 2 Fitness Smartwatch,Wearables,2025-05-31,2,GPS accuracy is way off,My charge drops nearly twenty percent overnight even in standby mode. I find the fit too bulky and uncomfortable to sleep in.,true,US
tb-0009,toothbrush-01,Marlow Sonic Electric Toothbrush,Personal Care,2025-05-31,5,Quiet smooth vibration,The timer buzzes at thirty second intervals so I know when to switch spots. A quick charge over lunch gives me power for another week. It removes plaque from my back molars better than my old brush.,true,US
cm-0017,coffeemaker-01,Brightwell 12-Cup Programmable Coffee Maker,Kitchen Appliances,2025-06-02,5,"Fast brewing, no mess","The build feels durable, nothing about it seems flimsy.",true,CA
dc-0018,deskchair-01,Meridian Ergonomic Desk Chair,Home Office,2025-06-02,4,My back thanks me,The cushioning strikes a nice balance between soft and firm for all-day comfort. This chair has lasted over a year without any signs of wear.,true,NZ
cm-0018,coffeemaker-01,Brightwell 12-Cup Programmable Coffee Maker,Kitchen Appliances,2025-06-03,5,Bold flavor every morning,The instructions were clear and had me brewing in no time.,false,NZ
tb-0012,toothbrush-01,Marlow Sonic Electric Toothbrush,Personal Care,2025-06-08,3,Average electric toothbrush,"The brush head attaches securely, though options are somewhat limited.",true,US
dc-0017,deskchair-01,Meridian Ergonomic Desk Chair,Home Office,2025-06-09,1,Instructions were confusing,"The fabric started pilling within the first month of use. One of the armrest parts was missing, so I couldn't finish putting it together. The seat edge digs into my thighs whenever I sit for more than an hour.",true,UK
hp-0023,headphones-01,Halcyon Q30 Noise-Canceling Headphones,Electronics,2025-06-09,1,Uncomfortable after an hour,ANC creates a strange pressure feeling in my ears without blocking much. Build quality is disappointing for a pair at this price point.,true,US
sw-0019,smartwatch-01,Pulse Active 2 Fitness Smartwatch,Wearables,2025-06-10,2,Screen too dim outdoors,Sleep tracking logged me as awake most of the night when I was out cold. The touchscreen feels laggy and unresponsive compared to other displays I've used.,true,US
hp-0022,headphones-01,Halcyon Q30 Noise-Canceling Headphones,Electronics,2025-06-11,4,Great noise cancellation,I was surprised how well the ANC handles crowded environments.,true,UK
sw-0020,smartwatch-01,Pulse Active 2 Fitness Smartwatch,Wearables,2025-06-16,2,App freezes constantly,Sleep data shows gaps every night that don't match reality. Notifications stopped working entirely after the last software update.,true,IE
tb-0011,toothbrush-01,Marlow Sonic Electric Toothbrush,Personal Care,2025-06-16,4,Great value overall,I barely notice any noise even in a small bathroom. The plaque buildup along my gum line has almost disappeared. The built in timer helps me brush for the full two minutes.,false,IE
cm-0016,coffeemaker-01,Brightwell 12-Cup Programmable Coffee Maker,Kitchen Appliances,2025-06-17,5,"Clean design, easy maintenance",It brews hot enough that I never need the microwave anymore.,true,US
hp-0024,headphones-01,Halcyon Q30 Noise-Canceling Headphones,Electronics,2025-06-18,2,Battery drains too fast,ANC barely dampens airplane engine noise during flights. My ears start hurting after only thirty minutes of use.,true,AU
sw-0018,smartwatch-01,Pulse Active 2 Fitness Smartwatch,Wearables,2025-06-21,5,Comfortable band for daily wear,I trust the daily steps count now after comparing it to my phone.,true,UK
dc-0016,deskchair-01,Meridian Ergonomic Desk Chair,Home Office,2025-06-22,2,Wobbly and squeaky,It squeaks loudly every time I lean back or shift my weight.,true,UK
hp-0021,headphones-01,Halcyon Q30 Noise-Canceling Headphones,Electronics,2025-06-26,5,Sturdy build quality,I've tossed these in my bag daily and the build still holds up great. The connection has stayed rock solid through several device switches.,true,US
cm-0019,coffeemaker-01,Brightwell 12-Cup Programmable Coffee Maker,Kitchen Appliances,2025-07-01,1,Constant puddle on counter,It started leaking from the bottom after only a month of use. My coffee turns cold in the carafe within twenty minutes.,true,US
tb-0014,toothbrush-01,Marlow Sonic Electric Toothbrush,Personal Care,2025-07-01,3,Okay for the price,"My teeth feel about as clean as they did with my old brush. The noise is moderate, somewhere between quiet and distracting. So far nothing has broken, though it's only been a couple of months.",true,AU
sw-0021,smartwatch-01,Pulse Active 2 Fitness Smartwatch,Wearables,2025-07-02,4,Great battery life,I'm impressed how reliable the app has become after a few update cycles. My wrist doesn't get irritated even after wearing it all day.,true,UK
hp-0027,headphones-01,Halcyon Q30 Noise-Canceling Headphones,Electronics,2025-07-09,1,Weak noise cancellation,"Callers say my voice sounds tinny and far away through the mic. The headband hinge already feels loose and wobbly. The noise cancellation seems inconsistent, working well one day and not the next.",true,AU
dc-0019,deskchair-01,Meridian Ergonomic Desk Chair,Home Office,2025-07-10,2,Fabric started tearing quickly,"The cushion has almost no padding, so comfort disappears quickly. My armrests are fixed and not adjustable despite what the listing claimed.",true,UK
tb-0013,toothbrush-01,Marlow Sonic Electric Toothbrush,Personal Care,2025-07-12,2,Poor plaque removal,The battery drains fast even when I'm not using it much. It doesn't feel very sturdy and wobbles slightly when I brush.,false,UK
hp-0025,headphones-01,Halcyon Q30 Noise-Canceling Headphones,Electronics,2025-07-14,5,Excellent sound quality,The overall sound signature feels balanced rather than bass-heavy. The noise cancellation lets me focus in even the busiest coffee shops.,true,IE
sw-0022,smartwatch-01,Pulse Active 2 Fitness Smartwatch,Wearables,2025-07-18,1,Battery barely lasts a day,I have to shade the screen with my hand just to read it in sunlight. Tracking a swim workout gave me distances that made no sense. The band material feels cheap and irritates my skin within minutes.,false,UK
hp-0026,headphones-01,Halcyon Q30 Noise-Canceling Headphones,Electronics,2025-07-19,5,Impressive bass response,I haven't had a single disconnect in weeks of daily use.,true,CA
dc-0020,deskchair-01,Meridian Ergonomic Desk Chair,Home Office,2025-07-24,4,Comfortable and durable,I've rolled this chair across hardwood for months with no wobble or noise. The seat is wide enough that I can shift positions and stay comfortable. This is one of the more affordable ergonomic chairs that actually performs well.,true,US
cm-0021,coffeemaker-01,Brightwell 12-Cup Programmable Coffee Maker,Kitchen Appliances,2025-07-25,2,Leaks everywhere,The carafe has a narrow neck that makes cleaning difficult. The programming steps in the manual don't match the actual buttons.,true,IE
sw-0023,smartwatch-01,Pulse Active 2 Fitness Smartwatch,Wearables,2025-07-26,2,Weak notification buzz,My wrist gets sweaty and itchy under the strap during workouts. The always on display is too dim to be useful during the day.,true,NZ
cm-0020,coffeemaker-01,Brightwell 12-Cup Programmable Coffee Maker,Kitchen Appliances,2025-07-30,1,Slow brew time,I noticed a puddle forming under the machine after just a week. The flavor never improves even after trying different beans.,true,AU
hp-0028,headphones-01,Halcyon Q30 Noise-Canceling Headphones,Electronics,2025-07-30,2,Poor call quality,I expected more clarity for the price I paid. Noise-canceling performance is weak compared to what was advertised. The headband padding is too thin to be comfortable for long wear.,true,UK
cm-0022,coffeemaker-01,Brightwell 12-Cup Programmable Coffee Maker,Kitchen Appliances,2025-08-02,5,Reliable and leak free,Setting the clock and timer only took a couple of button presses. It brews quickly enough that impatience is never an issue anymore.,true,CA
sw-0026,smartwatch-01,Pulse Active 2 Fitness Smartwatch,Wearables,2025-08-03,1,App freezes constantly,This app is full of bugs that make it barely usable.,true,US
tb-0015,toothbrush-01,Marlow Sonic Electric Toothbrush,Personal Care,2025-08-03,5,Surprisingly quiet operation,Being waterproof makes it easy to rinse off after every use.,true,CA
dc-0022,deskchair-01,Meridian Ergonomic Desk Chair,Home Office,2025-08-04,2,Regret this purchase,"I expected a comfortable cushion but instead got a stiff, unforgiving seat.",true,NZ
tb-0016,toothbrush-01,Marlow Sonic Electric Toothbrush,Personal Care,2025-08-08,5,Impressed with durability,My gums stopped bleeding once I switched to this brush. This brush has lasted well over a year with daily use. The variety of heads included lets me switch styles depending on my mood.,true,UK
dc-0021,deskchair-01,Meridian Ergonomic Desk Chair,Home Office,2025-08-09,2,Back pain got worse,"The recline function causes a loud creak, so I avoid using it now.",true,CA
cm-0023,coffeemaker-01,Brightwell 12-Cup Programmable Coffee Maker,Kitchen Appliances,2025-08-10,1,Slow and unreliable,"The carafe area drips constantly, leaving a mess on the counter.",true,US
hp-0030,headphones-01,Halcyon Q30 Noise-Canceling Headphones,Electronics,2025-08-13,5,Superb noise blocking,I can pick out individual instruments thanks to the clarity of the mids. Switching between ANC and ambient modes works smoothly and instantly. The microphone quality outperforms most headsets I've used for calls.,true,UK
hp-0029,headphones-01,Halcyon Q30 Noise-Canceling Headphones,Electronics,2025-08-14,4,Fantastic for commuting,"The mic captures my voice accurately even when I'm walking outside. Bluetooth pairing was instant and connected to my phone within seconds. Treble details like cymbals and strings sound natural, not harsh.",false,US
hp-0032,headphones-01,Halcyon Q30 Noise-Canceling Headphones,Electronics,2025-08-19,1,Not worth the price,The connection stutters whenever someone else's device is nearby. It doesn't block out low frequency noise like I hoped it would. They pinch behind my ears after extended use.,false,US
hp-0031,headphones-01,Halcyon Q30 Noise-Canceling Headphones,Electronics,2025-08-20,1,Short battery life,The battery barely lasts five hours before needing a charge.,true,US
sw-0025,smartwatch-01,Pulse Active 2 Fitness Smartwatch,Wearables,2025-08-20,4,Reliable app now,The heart rate sensor kept up even during high intensity intervals. A single overnight charge is all this watch needs for the week.,false,UK
sw-0024,smartwatch-01,Pulse Active 2 Fitness Smartwatch,Wearables,2025-08-26,4,Notifications work perfectly,Battery life has been the biggest upgrade from my last smartwatch.,false,UK
cm-0024,coffeemaker-01,Brightwell 12-Cup Programmable Coffee Maker,Kitchen Appliances,2025-08-28,1,Leaks from the base,Dripping from the filter basket soaks the counter every morning.,true,IE
hp-0033,headphones-01,Halcyon Q30 Noise-Canceling Headphones,Electronics,2025-09-01,5,Comfortable for all-day wear,The noise cancellation blocks out almost all office chatter around me.,true,US
dc-0023,deskchair-01,Meridian Ergonomic Desk Chair,Home Office,2025-09-05,4,Great posture improvement,"I appreciate the breathable mesh; it's a noticeable step up in quality. After nearly a year of daily use, nothing has broken or loosened.",true,UK
sw-0028,smartwatch-01,Pulse Active 2 Fitness Smartwatch,Wearables,2025-09-12,5,Syncs instantly with my phone,"Notifications show up cleanly and I can read full messages without pulling out my phone. The strap adjusts easily to get a snug, comfortable fit. Screen clarity at higher brightness levels is genuinely impressive for a watch this size.",false,UK
hp-0034,headphones-01,Halcyon Q30 Noise-Canceling Headphones,Electronics,2025-09-13,5,Worth every penny,Signal strength holds up even when my phone is across the room.,true,US
hp-0036,headphones-01,Halcyon Q30 Noise-Canceling Headphones,Electronics,2025-09-13,2,Ears hurt after wearing,The hinge mechanism creaks every time I fold them up.,true,IE
sw-0027,smartwatch-01,Pulse Active 2 Fitness Smartwatch,Wearables,2025-09-13,5,Lasts almost a week,I love how detailed the workout tracking is for cycling and swimming.,true,US
cm-0026,coffeemaker-01,Brightwell 12-Cup Programmable Coffee Maker,Kitchen Appliances,2025-09-14,2,Broke after months,"It leaks from underneath, so I have to keep a towel nearby. I have to descale monthly or the brew slows to a crawl.",true,CA
sw-0029,smartwatch-01,Pulse Active 2 Fitness Smartwatch,Wearables,2025-09-15,1,Constant syncing issues,Text previews get cut off so short they're basically useless. My app froze completely and I had to reinstall it just to open it.,true,NZ
cm-0027,coffeemaker-01,Brightwell 12-Cup Programmable Coffee Maker,Kitchen Appliances,2025-09-17,1,Disappointing flavor,The machine broke down just past the one-year warranty mark.,true,NZ
tb-0017,toothbrush-01,Marlow Sonic Electric Toothbrush,Personal Care,2025-09-21,5,Fantastic replacement heads,The battery lasts nearly three weeks on a single charge.,true,US
cm-0025,coffeemaker-01,Brightwell 12-Cup Programmable Coffee Maker,Kitchen Appliances,2025-09-25,2,Stopped working early,I keep finding a puddle on my countertop after each use. The switch broke after light use for less than four months.,true,US
dc-0024,deskchair-01,Meridian Ergonomic Desk Chair,Home Office,2025-09-28,5,Fantastic for remote work,"The screws were pre-sorted into bags, so putting it together was painless.",true,NZ
hp-0035,headphones-01,Halcyon Q30 Noise-Canceling Headphones,Electronics,2025-09-29,1,Frustrating pairing problems,ANC introduces a hissing sound that's almost worse than the noise itself. One of the hinges cracked after just a few weeks of normal use.,true,US
hp-0039,headphones-01,Halcyon Q30 Noise-Canceling Headphones,Electronics,2025-10-03,1,Connection issues everywhere,Charging the battery fully still only gets me a few hours of use.,true,US
cm-0030,coffeemaker-01,Brightwell 12-Cup Programmable Coffee Maker,Kitchen Appliances,2025-10-04,1,Not durable at all,The coffee tastes burnt even on a short brew cycle.,true,US
cm-0028,coffeemaker-01,Brightwell 12-Cup Programmable Coffee Maker,Kitchen Appliances,2025-10-08,3,Does the job,My coffee tastes smooth with none of the bitterness I expected. Cleaning the carafe is a chore since coffee stains cling to it.,true,NZ
dc-0025,deskchair-01,Meridian Ergonomic Desk Chair,Home Office,2025-10-09,3,Still evaluating long term durability,The tilt and recline features function as expected but aren't especially smooth. Whether it's worth the money will probably depend on how long it lasts.,true,UK
hd-0010,hairdryer-01,Cirrus 2000 Ionic Hair Dryer,Personal Care,2025-10-11,1,Cheap feeling plastic,The airflow sputters and doesn't feel strong enough to dry properly. The motor sounds like it's straining under normal use.,true,AU
sw-0031,smartwatch-01,Pulse Active 2 Fitness Smartwatch,Wearables,2025-10-18,4,Screen readable in sunlight,My data has synced reliably every single morning since the update.,true,US
cm-0029,coffeemaker-01,Brightwell 12-Cup Programmable Coffee Maker,Kitchen Appliances,2025-10-19,3,Average coffee maker,I noticed a tiny drip once but it hasn't happened again since.,true,US
dc-0026,deskchair-01,Meridian Ergonomic Desk Chair,Home Office,2025-10-19,1,Armrests stopped working,Stitching came loose on one of the seams after light use.,true,US
hd-0009,hairdryer-01,Cirrus 2000 Ionic Hair Dryer,Personal Care,2025-10-21,4,Solid construction overall,"I appreciate that the plastic housing feels solid, not flimsy. Even on the lowest setting the motor still pushes decent airflow.",true,AU
hp-0038,headphones-01,Halcyon Q30 Noise-Canceling Headphones,Electronics,2025-10-21,2,Muffled microphone,ANC does little to nothing against voices or sharp sounds. The plastic feels flimsy and cheap right out of the box.,true,US
hp-0040,headphones-01,Halcyon Q30 Noise-Canceling Headphones,Electronics,2025-10-21,1,Hinge cracked quickly,Comfort is a real issue since the ear cups get warm and itchy. These feel flimsy compared to headphones half the price. Audio quality drops noticeably when the battery gets low.,true,AU
hp-0037,headphones-01,Halcyon Q30 Noise-Canceling Headphones,Electronics,2025-10-23,4,Excellent value headphones,Switching between ANC and ambient modes works smoothly and instantly. Bass hits deep without drowning out the mids.,true,NZ
tb-0018,toothbrush-01,Marlow Sonic Electric Toothbrush,Personal Care,2025-10-24,3,Works as expected,"The vibration feels a bit strong at first, then becomes normal.",true,UK
sw-0030,smartwatch-01,Pulse Active 2 Fitness Smartwatch,Wearables,2025-10-25,5,No more app crashes,The screen is bright and clear no matter the lighting outside. The app hasn't crashed once since I updated it last month.,true,US
sw-0032,smartwatch-01,Pulse Active 2 Fitness Smartwatch,Wearables,2025-10-27,2,Disappointing step tracking,Screen brightness maxes out but it's still hard to read outdoors.,true,UK
hp-0041,headphones-01,Halcyon Q30 Noise-Canceling Headphones,Electronics,2025-11-02,4,Battery lasts forever,Battery life has been fantastic for long flights.,true,US
sw-0033,smartwatch-01,Pulse Active 2 Fitness Smartwatch,Wearables,2025-11-03,4,Finally a reliable app,The connection to my phone feels rock solid throughout the day.,false,US
tb-0019,toothbrush-01,Marlow Sonic Electric Toothbrush,Personal Care,2025-11-03,2,Disappointing cleaning results,The timer doesn't seem to work consistently during my brushing. My teeth don't feel any cleaner than they did with a manual brush.,true,US
sw-0035,smartwatch-01,Pulse Active 2 Fitness Smartwatch,Wearables,2025-11-05,1,App keeps crashing,Reading notifications in bright sunlight is nearly impossible on this display.,true,US
dc-0027,deskchair-01,Meridian Ergonomic Desk Chair,Home Office,2025-11-06,2,Instructions were confusing,I struggled for over an hour trying to assemble this chair. Sitting in this chair for extended hours leaves my hips sore.,true,US
dc-0028,deskchair-01,Meridian Ergonomic Desk Chair,Home Office,2025-11-06,4,Solid value for the price,"This was one of the easiest chairs I've ever had to put together. The armrests adjust in multiple directions, which suits my typing posture. Stitching around the armrests is tight and shows real attention to quality.",true,US
hd-0011,hairdryer-01,Cirrus 2000 Ionic Hair Dryer,Personal Care,2025-11-07,1,Disappointing power,The plastic body feels cheap and flimsy right out of the box. My hair takes just as long to dry as before.,false,UK
hp-0043,headphones-01,Halcyon Q30 Noise-Canceling Headphones,Electronics,2025-11-07,2,Flimsy plastic construction,"I have to charge them every single day, which gets old fast.",false,US
cm-0033,coffeemaker-01,Brightwell 12-Cup Programmable Coffee Maker,Kitchen Appliances,2025-11-11,3,Nothing special either way,"The programming menu is logical, so setup felt effortless. It lasted barely two months before the pump gave out.",true,US
hd-0012,hairdryer-01,Cirrus 2000 Ionic Hair Dryer,Personal Care,2025-11-13,1,Slow drying time,"Even on the highest setting, the airflow lacks real power.",true,US
cm-0032,coffeemaker-01,Brightwell 12-Cup Programmable Coffee Maker,Kitchen Appliances,2025-11-18,4,"No leaks, great flavor","Reliable performance day after day, no issues so far.",true,UK
cm-0031,coffeemaker-01,Brightwell 12-Cup Programmable Coffee Maker,Kitchen Appliances,2025-11-21,5,Keeps coffee hot,It's lasted longer than any coffee maker I've previously owned. The flavor is consistent whether I use light or dark roast.,true,US
hp-0042,headphones-01,Halcyon Q30 Noise-Canceling Headphones,Electronics,2025-11-21,2,Flimsy plastic construction,The frame creaks loudly whenever I adjust the fit.,true,IE
sw-0034,smartwatch-01,Pulse Active 2 Fitness Smartwatch,Wearables,2025-11-30,4,Accurate step tracking,I sleep with it on and the band never bothers me. I like that I can customize which alerts actually buzz my wrist.,true,US
hp-0045,headphones-01,Halcyon Q30 Noise-Canceling Headphones,Electronics,2025-12-01,2,Poor call quality,The signal gets weak if I walk more than a few feet away.,true,UK
dc-0029,deskchair-01,Meridian Ergonomic Desk Chair,Home Office,2025-12-06,3,Average chair for the price,"Considering the price, the quality here really surprised me. My back aches from sitting on this seat within thirty minutes.",true,UK
cm-0036,coffeemaker-01,Brightwell 12-Cup Programmable Coffee Maker,Kitchen Appliances,2025-12-08,3,Okay for daily use,The temperature stays consistent from the first cup to the last. The display broke down and now the clock won't stay set.,true,UK
cm-0034,coffeemaker-01,Brightwell 12-Cup Programmable Coffee Maker,Kitchen Appliances,2025-12-10,4,Durable daily driver,This brews a genuinely rich cup that beats my old machine.,false,US
hp-0046,headphones-01,Halcyon Q30 Noise-Canceling Headphones,Electronics,2025-12-11,1,Ears hurt after wearing,"Battery life is nowhere near the advertised hours. Build quality feels rushed, like corners were cut on the materials.",true,IE
sw-0038,smartwatch-01,Pulse Active 2 Fitness Smartwatch,Wearables,2025-12-14,2,Notifications are unreliable,The accuracy of this thing for cycling workouts is a joke. It never lasts through a full workday like the box promised.,true,US
sw-0036,smartwatch-01,Pulse Active 2 Fitness Smartwatch,Wearables,2025-12-17,5,Pairing was effortless,The battery easily lasts five days on a single charge for me.,true,IE
sw-0037,smartwatch-01,Pulse Active 2 Fitness Smartwatch,Wearables,2025-12-19,5,Comfortable to wear all day,My wrist feels fine wearing this watch for twelve hours straight. GPS accuracy on hiking trails has impressed me more than my old watch.,true,NZ
dc-0030,deskchair-01,Meridian Ergonomic Desk Chair,Home Office,2025-12-20,4,Quality materials throughout,Every dollar felt well spent given how much this chair offers for the cost.,true,US
hp-0044,headphones-01,Halcyon Q30 Noise-Canceling Headphones,Electronics,2025-12-20,5,Reliable bluetooth connection,"The ear cups fit perfectly and don't press against my ears at all. The connection drops have been zero so far, which is a relief.",true,US
cm-0035,coffeemaker-01,Brightwell 12-Cup Programmable Coffee Maker,Kitchen Appliances,2025-12-26,4,Quick morning brews,This has proven durable enough to survive daily heavy use.,true,UK
tb-0020,toothbrush-01,Marlow Sonic Electric Toothbrush,Personal Care,2025-12-29,5,Sturdy solid build,Setup was easy and I was brushing within minutes. The battery indicator makes it easy to know when to charge.,false,UK
sw-0040,smartwatch-01,Pulse Active 2 Fitness Smartwatch,Wearables,2026-01-05,5,Comfortable to wear all day,Distance tracking on my morning jogs has been remarkably accurate. My app used to freeze constantly but that's completely gone now.,true,CA
dc-0032,deskchair-01,Meridian Ergonomic Desk Chair,Home Office,2026-01-07,3,Standard ergonomic chair,The lumbar cushion hugs my back and keeps my posture aligned all day. I can adjust the height with one hand while still seated.,true,US
sw-0041,smartwatch-01,Pulse Active 2 Fitness Smartwatch,Wearables,2026-01-10,5,Sleep tracking is spot on,The step tracking has been spot on every day this week. Battery drain has been minimal even with the screen always on.,true,UK
dc-0031,deskchair-01,Meridian Ergonomic Desk Chair,Home Office,2026-01-11,4,"Easy assembly, great chair",The overall value makes it easy to recommend at this cost.,true,CA
hp-0048,headphones-01,Halcyon Q30 Noise-Canceling Headphones,Electronics,2026-01-16,1,Bluetooth keeps disconnecting,The plastic housing scratches and marks far too easily. The weight of these headphones makes my neck sore over time.,true,IE
cm-0037,coffeemaker-01,Brightwell 12-Cup Programmable Coffee Maker,Kitchen Appliances,2026-01-17,1,Lukewarm coffee every time,"Durability is poor, mine cracked after minimal daily use. The rich flavor promised in the description just isn't there.",true,US
sw-0039,smartwatch-01,Pulse Active 2 Fitness Smartwatch,Wearables,2026-01-17,5,Solid GPS accuracy,Syncing my workout data to the app is instant now.,true,UK
hp-0049,headphones-01,Halcyon Q30 Noise-Canceling Headphones,Electronics,2026-01-21,2,Disappointing sound quality,I noticed a crack forming near the hinge after light use. Treble gets harsh and tinny at higher volumes. My ears feel squished no matter how I adjust the fit.,false,IE
cm-0038,coffeemaker-01,Brightwell 12-Cup Programmable Coffee Maker,Kitchen Appliances,2026-01-23,5,Bold flavor every morning,"Brewing speed is great, just a few minutes for a full carafe. I'm impressed by how balanced the brew tastes each time.",true,UK
hp-0047,headphones-01,Halcyon Q30 Noise-Canceling Headphones,Electronics,2026-01-30,5,Perfect for long flights,"The built-in mic handles background noise on calls surprisingly well. Bluetooth 5.0 pairing feels noticeably faster than my last pair. Charging is fast, and the battery holds up well over time.",true,AU
tb-0021,toothbrush-01,Marlow Sonic Electric Toothbrush,Personal Care,2026-01-31,4,Long lasting battery,I only need to charge it once a month with daily use. The brush head attachment fits securely and never wobbles during use.,false,CA
hp-0052,headphones-01,Halcyon Q30 Noise-Canceling Headphones,Electronics,2026-02-04,2,Uncomfortable after an hour,Bluetooth pairing failed twice before it finally connected. Audio sounds compressed and lacks any real depth.,true,US
dc-0033,deskchair-01,Meridian Ergonomic Desk Chair,Home Office,2026-02-12,3,Mixed feelings about this chair,"For the price, this chair offers excellent value compared to pricier brands. The seat cushion is too thin and my rear goes numb after an hour of sitting.",true,US
cm-0039,coffeemaker-01,Brightwell 12-Cup Programmable Coffee Maker,Kitchen Appliances,2026-02-15,5,Fast and reliable,Setup took less than five minutes right out of the box.,true,AU
dc-0034,deskchair-01,Meridian Ergonomic Desk Chair,Home Office,2026-02-16,4,Perfect for the home office,"The foam cushioning feels premium, not the cheap kind that flattens fast.",true,CA
tb-0022,toothbrush-01,Marlow Sonic Electric Toothbrush,Personal Care,2026-02-19,4,Gentle yet effective,The vibration is smooth and never feels harsh or overwhelming.,false,CA
sw-0044,smartwatch-01,Pulse Active 2 Fitness Smartwatch,Wearables,2026-02-22,5,Finally a reliable app,The Bluetooth connection to my phone hasn't dropped once this month. The recent update squashed the bugs that used to freeze my app constantly.,true,IE
sw-0042,smartwatch-01,Pulse Active 2 Fitness Smartwatch,Wearables,2026-02-26,4,"Bright, readable display",I switched phones and the watch paired again in under a minute. Every update lately has made the app noticeably more reliable. The accuracy of the calorie estimates during workouts feels honest.,true,UK
cm-0040,coffeemaker-01,Brightwell 12-Cup Programmable Coffee Maker,Kitchen Appliances,2026-02-27,2,Frustrating to program,"Every time the power blips, I have to redo the entire setup. The flavor is flat and lacks any real coffee taste.",true,CA
hp-0051,headphones-01,Halcyon Q30 Noise-Canceling Headphones,Electronics,2026-02-27,2,Battery drains too fast,"Build quality feels rushed, like corners were cut on the materials. Sound cuts out for a second or two every few minutes.",true,US
sw-0043,smartwatch-01,Pulse Active 2 Fitness Smartwatch,Wearables,2026-02-27,4,Accurate step tracking,The watch stays connected to my phone all day without dropping. Workout detection automatically starts tracking when I begin a run.,true,CA
hp-0050,headphones-01,Halcyon Q30 Noise-Canceling Headphones,Electronics,2026-02-28,1,Connection issues everywhere,"Playback time has dropped significantly after just a couple of months. Comfort declines fast once I've had them on for more than an hour. It keeps disconnecting and reconnecting, which is really distracting.",true,US
